name,id
LSC2_poi_collated_sites_LT05_02_DSWE1a_2025-02-12.feather,1Cg8Co_ZpbO97Ns2FXnPc45PIKtqrugbj
LSC2_poi_collated_sites_LT05_02_DSWE1_2025-02-12.feather,1P2dC0-FVg7XG1AxXp1CGBSVmzuJyvftV
LSC2_poi_collated_sites_LE07_07_DSWE1a_2025-02-12.feather,1RszkcrIGXvIou9m67-taemAiCOz2JtyX
LSC2_poi_collated_sites_LE07_07_DSWE1_2025-02-12.feather,1d4OA8mGUENsSA4vmuwFp1O89dGWvf7CP
LSC2_poi_collated_sites_LT05_07_DSWE1a_2025-02-12.feather,1EdBjUGfR1RCrI_V8RMjVNgxPZKZJpS3I
LSC2_poi_collated_sites_LT05_07_DSWE1_2025-02-12.feather,10S4mJ41Q2QzPejP44Kn1xktw9BDCES-u
LSC2_poi_collated_sites_LT05_06_DSWE1a_2025-02-12.feather,1FYgzHCpvPt9PkM-WRvvqP6G6RmlVWZFT
LSC2_poi_collated_sites_LT05_06_DSWE1_2025-02-12.feather,1J79eFyB3j_TuyXmJ0ObXhpcG0aMMHs1W
LSC2_poi_collated_sites_LT05_08_DSWE1a_2025-02-12.feather,1JGpXHm2ljahI4KFpnjHWVZG9CRApZffD
LSC2_poi_collated_sites_LT05_08_DSWE1_2025-02-12.feather,1TKK3mEFeB_u4E3fpZyEssRszZbb-fPCb
LSC2_poi_collated_sites_LT05_10_DSWE1a_2025-02-12.feather,1OXsQYBoXKa4UZeiub8N0kA9akEIohqk_
LSC2_poi_collated_sites_LT05_10_DSWE1_2025-02-12.feather,1N0TEAWjO6aaGpevu7vCLqr8uEfeIgCbd
LSC2_poi_collated_sites_LT05_01_DSWE1a_2025-02-12.feather,1z5XtfC68Y3NkOoNVfFNQwH-tugXzyVx5
LSC2_poi_collated_sites_LT05_03_DSWE1a_2025-02-12.feather,1eViE9fboFK2sc_RqAhihMEpL4lnXTtwX
LSC2_poi_collated_sites_LT05_01_DSWE1_2025-02-12.feather,1c1QRXmj063yMhjTJ0G3BohmB3tZMqhrh
LSC2_poi_collated_sites_LT05_03_DSWE1_2025-02-12.feather,1mZ69Vwqc5RfLw7j4awUJEVFxbrb7Nu0W
LSC2_poi_collated_sites_LT05_04_DSWE1a_2025-02-12.feather,1j4Dk1zxN0IW5OyfCcAA3PDeHsenJWTbP
LSC2_poi_collated_sites_LT05_05_DSWE1a_2025-02-12.feather,1eFBdj7xxMRuUk0wqaTlBIvI3l7U5tevL
LSC2_poi_collated_sites_LE07_02_DSWE1a_2025-02-12.feather,1W0Q2n1fKE3dhhiHKTGrHOVp0CUmY6rV1
LSC2_poi_collated_sites_LT05_05_DSWE1_2025-02-12.feather,1MhJNTKsYBSdANcFsndCuZd7jj-fPdf6f
LSC2_poi_collated_sites_LE07_02_DSWE1_2025-02-12.feather,1n9O_rhaswqBz7l2X-9iv3bRenFBB0WBv
LSC2_poi_collated_sites_LT05_04_DSWE1_2025-02-12.feather,18uRIVWdUdWvWyRcz52_SeeK9GtqSTs8j
LSC2_poi_collated_sites_LC08_02_DSWE1a_2025-02-12.feather,1y5eIw6uVutVLOrae1zneyhGLzI8hePc8
LSC2_poi_collated_sites_LE07_08_DSWE1a_2025-02-12.feather,1rOJaemL-trbR_caiIs4TYP-hFrmHwGPy
LSC2_poi_collated_sites_LE07_08_DSWE1_2025-02-12.feather,1ID7SQzRRj2eoMYR_LXmmSzs314oPogp4
LSC2_poi_collated_sites_LT05_00_DSWE1a_2025-02-12.feather,1I3hjdjyGVuMu5chjf1fhaiyKR-nRx4TR
LSC2_poi_collated_sites_LT04_07_DSWE1a_2025-02-12.feather,18W9nPmNmC0Xjyh7Z-jxg4YzM5FJ7Moah
LSC2_poi_collated_sites_LT05_00_DSWE1_2025-02-12.feather,1XFo_K-7UudROMC1qipraoKIRvaKjxWAa
LSC2_poi_collated_sites_LT04_07_DSWE1_2025-02-12.feather,1Pyfhx-CKFokCQoEP26RIiTljsGz43sBj
LSC2_poi_collated_sites_LT04_10_DSWE1a_2025-02-12.feather,1XMbER_65n1QG83KGEPbLVZ2u1CCXrEJW
LSC2_poi_collated_sites_LT04_10_DSWE1_2025-02-12.feather,1Y8Y6wfYEdEEUo1Wd3y6udr2aK-lh1W-w
LSC2_poi_collated_sites_LT04_08_DSWE1a_2025-02-12.feather,1VLpcd2QiNnmazjuxaHPHkM6Yig9_vUq8
LSC2_poi_collated_sites_LT04_08_DSWE1_2025-02-12.feather,1dnvpninapvTIBbJGjBh1EGPI66Ec3Mqx
LSC2_poi_collated_sites_LT04_06_DSWE1a_2025-02-12.feather,1yHiXa2p90_kWXVQGLfLrWTzuBItLgtDZ
LSC2_poi_collated_sites_LT04_06_DSWE1_2025-02-12.feather,1E_OF001fw8Y4QqqjEui5iM0UvGy3QOFr
LSC2_poi_collated_sites_LE07_06_DSWE1a_2025-02-12.feather,1uCJl89e8YKzg3HrPnVvdmFk8S31GBPsJ
LSC2_poi_collated_sites_LT04_05_DSWE1a_2025-02-12.feather,1B_swTkqnWZd5BYTkyUr5KGzdMAixrqic
LSC2_poi_collated_sites_LT04_04_DSWE1a_2025-02-12.feather,1r-17x4YlDc9P2eMhRPBs4hVYXH9m3jeS
LSC2_poi_collated_sites_LT04_05_DSWE1_2025-02-12.feather,15EXEDDJTXIoR9sfXV3P6RQnXcLm7Aeng
LSC2_poi_collated_sites_LT04_04_DSWE1_2025-02-12.feather,1JZ6ZVKu_ekmiYXGvco0d9SsjZhDvTE4H
LSC2_poi_collated_sites_LT04_03_DSWE1a_2025-02-12.feather,1VXO3-yb5SkbTja6eARbeRjdlzHQnBnL8
LSC2_poi_collated_sites_LE07_06_DSWE1_2025-02-12.feather,1zgEU9CbhetgLgI5wbZgyE15NJLpo6ScP
LSC2_poi_collated_sites_LT04_03_DSWE1_2025-02-12.feather,1YBBwbOniW6HBu1H7St6CUjKHT3_3lO1e
LSC2_poi_collated_sites_LT04_02_DSWE1a_2025-02-12.feather,14cj7WGkA1sVYqPlWL2fjXZUvEdrWrAcT
LSC2_poi_collated_sites_LT04_02_DSWE1_2025-02-12.feather,11Cnx4ffPpLDy2g8KfvNRCkP_hc1Bf8Z9
LSC2_poi_collated_sites_LT04_01_DSWE1a_2025-02-12.feather,1bUZYHkwnmLCsr7PQuaK7gihOb5QqgZMB
LSC2_poi_collated_sites_LT04_00_DSWE1a_2025-02-12.feather,14QL9h8whJwiNsMs3rxU-tXri2O_PnTLT
LSC2_poi_collated_sites_LE07_03_DSWE1a_2025-02-12.feather,17USo1zHCWvG-h0FzgnQJ0yMpg16kkg-e
LSC2_poi_collated_sites_LT04_00_DSWE1_2025-02-12.feather,1atu4HNAD2SeDm7R_SCqBR7nA2GRrezlb
LSC2_poi_collated_sites_LE07_10_DSWE1a_2025-02-12.feather,1n-GWS3446bgvog1Cz73gqRMYJaotUTtM
LSC2_poi_collated_sites_LE07_10_DSWE1_2025-02-12.feather,1WsYq-njApg43JGOYecvbn95Y-eZDR0TH
LSC2_poi_collated_sites_LE07_01_DSWE1a_2025-02-12.feather,1u6q5QEDw2cDFZavOB6-Zozdbb46h2UfJ
LSC2_poi_collated_sites_LE07_03_DSWE1_2025-02-12.feather,1HJ8XeuYboNs3U7733qD2S8J1pMhpkBsx
LSC2_poi_collated_sites_LE07_01_DSWE1_2025-02-12.feather,1AvAdc9RCTHaVwvKIr4gFvO_eT2uRg-rr
LSC2_poi_collated_sites_LE07_04_DSWE1a_2025-02-12.feather,1motw9i0jF9lHQ6Oyn3jDicUcwUTDmJQW
LSC2_poi_collated_sites_LE07_05_DSWE1a_2025-02-12.feather,1OgzOpNxcUPbdL95QJ6pSigsPHmuvt_Y9
LSC2_poi_collated_sites_LC08_07_DSWE1a_2025-02-12.feather,12WPa91FlBGNABJKSN1uJyC1Ysu6TNP6_
LSC2_poi_collated_sites_LE07_05_DSWE1_2025-02-12.feather,1XOKTWch8vZQW4-3qj1nBEWBEyj4MKEfT
LSC2_poi_collated_sites_LC08_07_DSWE1_2025-02-12.feather,1S6nSRFiL_1JJBQTWa55b14PsHlhfnlw1
LSC2_poi_collated_sites_LE07_04_DSWE1_2025-02-12.feather,1za8KhiuqDj2sIJ3VzPCnPIThhio4VoH9
LSC2_poi_collated_sites_LC08_02_DSWE1_2025-02-12.feather,1iy0ONsPK1pjw3OGCj2ANcmyU_EZi2mca
LSC2_poi_collated_sites_LC09_07_DSWE1a_2025-02-12.feather,1Nk2dZd58yQN_gJZ3Pp2zSBPF2L3vgyw6
LSC2_poi_collated_sites_LC09_07_DSWE1_2025-02-12.feather,1Gf0yNAYQyUzwtVMBl6nqqNwREFUrXPuM
LSC2_poi_collated_sites_LC09_02_DSWE1a_2025-02-12.feather,1InwerjOZh2Qy7U0I07YDUSDq_FWGNVq9
LSC2_poi_collated_sites_LC09_02_DSWE1_2025-02-12.feather,1ZzP-akeJDKiCHflfMCfzDOChLzDyxK0I
LSC2_poi_collated_sites_LE07_00_DSWE1a_2025-02-12.feather,1ub01OdVSPIDw0tL1UnASbtHkgEs5vUpF
LSC2_poi_collated_sites_LC09_08_DSWE1a_2025-02-12.feather,1y3ytUunTAs-_fDF1OcV74ssIFjJMM2_L
LSC2_poi_collated_sites_LE07_00_DSWE1_2025-02-12.feather,1P_RT-NaGhPiaYqxP1hNCm8EDFkO784Kf
LSC2_poi_collated_sites_LC09_10_DSWE1a_2025-02-12.feather,1COQcBKeNtQPdPC9hBiM172QAuUrZhv1Z
LSC2_poi_collated_sites_LC09_10_DSWE1_2025-02-12.feather,1FLzJ3cWe_3iGC5ynXolZv4_cqyrcW7eB
LSC2_poi_collated_sites_LC09_06_DSWE1a_2025-02-12.feather,13ZFtiT78fWPi9vpLzKbNMrhhbgE0QnxJ
LSC2_poi_collated_sites_LC09_06_DSWE1_2025-02-12.feather,1fhcBMYGK2pt54KVvPbO3kRgIpdghNXVA
LSC2_poi_collated_sites_LC09_08_DSWE1_2025-02-12.feather,1MJgCiElfzTzxAJaSAzpUpHVRc0EVM-K8
LSC2_poi_collated_sites_LC09_04_DSWE1a_2025-02-12.feather,1O-iq82SyrPbgo_XCDZm2F05DYd8mYUDt
LSC2_poi_collated_sites_LC09_05_DSWE1a_2025-02-12.feather,1hIo5hLaIWngbuN8BIz6DlpWeaP4zt5wC
LSC2_poi_collated_sites_LC09_03_DSWE1a_2025-02-12.feather,1kxfllYBrEwQhuQ8Ty40Cgvbkcp5fD7Fh
LSC2_poi_collated_sites_LC09_05_DSWE1_2025-02-12.feather,1lNWXwtSIAqmVVSv4w4_a2uOmqmQ8WYA6
LSC2_poi_collated_sites_LC08_08_DSWE1a_2025-02-12.feather,1iTe39eGL252QPe5XiXEA5k6Xfo2Q_WtU
LSC2_poi_collated_sites_LC09_01_DSWE1a_2025-02-12.feather,1cOSzWPB2iRAmamYQrZXDPKqhVXLynemv
LSC2_poi_collated_sites_LC09_04_DSWE1_2025-02-12.feather,1Lv-tf-qTVYTnGykBiNBJ8iQu9kEw06GR
LSC2_poi_collated_sites_LC09_01_DSWE1_2025-02-12.feather,1ekPkO193GrG-iC5BGyE6nWJQoHsa9fph
LSC2_poi_collated_sites_LC08_08_DSWE1_2025-02-12.feather,1UFyTpyZ4nNi8wmnYrE-r8u0IAvzOB6xD
LSC2_poi_collated_sites_LC08_06_DSWE1a_2025-02-12.feather,1qun0VRdj6GQLWYD3mpQe-8finySwL4ue
LSC2_poi_collated_sites_LC09_00_DSWE1a_2025-02-12.feather,1BlTabhCfGNlePlfyUTD0ZGWVYX59ilq2
LSC2_poi_collated_sites_LC08_03_DSWE1a_2025-02-12.feather,14DWlzWtolPWQRLLAX6nSexKHY4_3FGYm
LSC2_poi_collated_sites_LC08_10_DSWE1a_2025-02-12.feather,1F3Fl6t50bTKkG5-nV7SgaSR1f8hS-Ue3
LSC2_poi_collated_sites_LC09_00_DSWE1_2025-02-12.feather,1xWeUTAPh9flyxiUbkK9qX17ofLX8RCjP
LSC2_poi_collated_sites_LC08_10_DSWE1_2025-02-12.feather,1UIfyqRfLl0y6v86VMV_usJ5wpY1KEqB-
LSC2_poi_collated_sites_LC08_03_DSWE1_2025-02-12.feather,1IBvNY2xFZcEDhwnJEsKZ10vzNFV_Ne5o
LSC2_poi_collated_sites_LC08_06_DSWE1_2025-02-12.feather,1WiKQN7SmbAa3v2mJrsoLcMhTGxCjwZqq
LSC2_poi_collated_sites_LC08_01_DSWE1a_2025-02-12.feather,1VS9KzE2BIgJE2bYnvNxWsLl3bYhNZ5x_
LSC2_poi_collated_metadata_LS457_2025-02-12.feather,1Rn8T0ro4Rz7YZYEi4XziRgAqzgPSAN2g
LSC2_poi_collated_sites_LC08_01_DSWE1_2025-02-12.feather,1FgSdbf3Xp3NN6sK_MTJJg-AKeFJGNvOB
LSC2_poi_collated_metadata_LS89_2025-02-12.feather,1hCsvAZsAwFs6PKvSQpZUZsMkIUfXoAgu
LSC2_poi_collated_sites_LC08_05_DSWE1a_2025-02-12.feather,1MhHMHrWmq-WkHLgM2Q0_B_o2-_0ykMEg
LSC2_poi_collated_sites_LC08_04_DSWE1a_2025-02-12.feather,1PLcwCvc-7YjAjSBE-aAb23ql-9jRW_u-
LSC2_poi_collated_sites_LC08_05_DSWE1_2025-02-12.feather,1uXls05Nev9khS5MFsJovxrGUiNyt5Dih
LSC2_poi_collated_sites_LC08_04_DSWE1_2025-02-12.feather,1SH1ySzEpxC7WRB0EypImP_k6kCsAhhFn
LSC2_poi_collated_sites_LC09_03_DSWE1_2025-02-12.feather,1buQKblBhWlqQnz__nctNwVR2SfN6IkV-
LSC2_poi_collated_sites_LT04_01_DSWE1_2025-02-12.feather,1xcH1j1tw4S1KkyKVBIzjdAqNxUF7S2uo
LSC2_poi_collated_sites_LC08_00_DSWE1a_2025-02-12.feather,1IuovmciPFz-QMNW0twqv0bbeb2Kk_bpZ
LSC2_poi_collated_sites_LC08_00_DSWE1_2025-02-12.feather,1eQAs9rhbPGKp1jxHKJV6d8jmKTWs5SoA
